duration,totalDistance,totalEnergyBurned,vo2max,hr_min,hr_max,hr_q50,hr_q90,hr_q95,hr_q99,whr_min,whr_max,rhr_min,rhr_max,hrv_min,hrv_max,hrv_q50,hrv_q90,hrv_q95,hrv_q99
22.86551439,1.904787516,202.0011589,38.8191,45.0,150.0,60.0,103.0,120.25,143.6500000000002,89.0,89.0,47.0,47.0,46.5846,120.426,89.0084,109.04608000000002,114.73603999999999,119.288008
22.53464151,1.115670585,104.8746669,38.801,44.0,120.0,61.0,74.0,79.09999999999997,94.82,109.0,109.0,46.0,46.0,41.0488,41.0488,41.0488,41.0488,41.0488,41.0488
11.69902505,1.003079489,107.4770431,41.7193,46.0,157.0,69.0,101.10000000000002,109.10000000000002,149.70999999999998,91.5,91.5,49.0,49.0,67.5222,151.748,72.3447,135.86733999999998,143.80767,150.159934
22.84160068,1.059428322,99.49125525,41.9424,48.0,127.0,69.0,92.0,101.0,114.0,105.0,105.0,51.0,51.0,36.8994,75.2272,52.798,70.74136,72.98428,74.778616
34.37862085,1.487689791,154.136818,41.2437,48.0,158.0,74.0,103.0,108.34999999999997,117.0,113.0,113.0,52.0,52.0,23.362,61.9026,47.1805,58.95818,60.43039,61.608157999999996
34.37862085,1.487689791,154.136818,40.9927,48.0,158.0,74.0,103.0,108.34999999999997,117.0,113.0,113.0,52.0,52.0,23.362,61.9026,47.1805,58.95818,60.43039,61.608157999999996
28.0342046,1.095906613,100.6418707,40.9033,47.0,129.0,64.0,105.60000000000002,119.80000000000001,126.0,108.0,108.0,48.0,48.0,78.6249,134.502,86.37895,122.19597,128.348985,133.27139699999998
28.0342046,1.095906613,100.6418707,40.9106,47.0,129.0,64.0,105.60000000000002,119.80000000000001,126.0,108.0,108.0,48.0,48.0,78.6249,134.502,86.37895,122.19597,128.348985,133.27139699999998
36.64312717,4.470763463,492.5824757,42.15,47.0,196.0,63.0,143.10000000000002,160.10000000000002,192.02999999999997,86.0,86.0,49.0,49.0,67.6055,67.6055,67.6055,67.6055,67.6055,67.6055
14.59617692,1.2663766,157.3264267,42.0334,49.0,142.0,71.0,105.0,126.0,140.39999999999998,87.5,87.5,51.0,51.0,38.3992,117.3,77.8496,109.40992,113.35495999999999,116.510992
52.48414677,2.835533903,244.7850584,42.0132,52.0,114.0,71.0,87.0,92.0,100.0,89.0,109.0,48.0,48.0,35.1612,136.574,74.5781,119.97944000000003,128.27671999999998,134.914544
19.11226938,1.193261541,120.024,41.7529,46.0,164.0,67.0,106.80000000000001,112.39999999999998,140.20000000000073,135.0,135.0,48.0,48.0,37.2072,96.1262,83.0685,93.51465999999999,94.82043,95.865046
19.11226938,1.193261541,120.024,41.4327,46.0,164.0,67.0,106.80000000000001,112.39999999999998,140.20000000000073,135.0,135.0,48.0,48.0,37.2072,96.1262,83.0685,93.51465999999999,94.82043,95.865046
25.94282263,3.174658899,357.5635974,41.4135,47.0,203.0,69.0,149.8,168.69999999999993,198.76,87.5,131.5,48.0,49.0,21.755,118.234,69.383,106.3723,112.30315,117.04782999999999
25.94282263,3.174658899,357.5635974,42.2249,47.0,203.0,69.0,149.8,168.69999999999993,198.76,87.5,131.5,48.0,49.0,21.755,118.234,69.383,106.3723,112.30315,117.04782999999999
25.7846519,1.793018098,198.595,40.8738,47.0,116.0,62.0,107.0,111.0,114.0,90.0,90.0,46.0,48.0,40.0297,119.395,73.0402,110.12404000000001,114.75952,118.46790399999999
69.83498143,8.015384119,1064.783333,41.2343,43.0,201.0,66.0,156.8,171.79999999999995,198.0,104.0,104.0,46.0,46.0,56.2511,209.384,165.03050000000002,201.9149,205.64945,208.63708999999997
19.21706013,1.078798893,101.4172662,41.4049,45.0,107.0,60.0,91.60000000000002,96.0,103.66000000000003,,,48.0,48.0,55.1294,100.95,59.8133,92.72266,96.83632999999999,100.12726599999999
19.21706013,1.078798893,101.4172662,41.1969,45.0,107.0,60.0,91.60000000000002,96.0,103.66000000000003,,,48.0,48.0,55.1294,100.95,59.8133,92.72266,96.83632999999999,100.12726599999999
24.25694223,3.023927847,343.608,41.7818,48.0,203.0,72.0,145.8,176.69999999999993,199.68,104.0,104.0,46.0,46.0,15.7371,69.823,42.780049999999996,64.41441,67.11870499999999,69.282141
31.21977365,1.168377881,131.768831,41.7818,46.0,162.0,62.0,89.0,93.80000000000001,119.83999999999992,109.0,109.0,48.0,48.0,63.1209,143.51,78.26445000000001,116.30834999999999,129.909175,140.789835
71.840596,8.009404445,1082.24555,41.4976,45.0,195.0,63.0,142.0,161.5,193.14999999999998,,,,,34.5009,94.2702,42.74705,79.91673000000002,87.09346499999998,92.834853
72.47727498,6.207887775,965.0773296,41.2782,44.0,195.0,70.0,158.0,169.0,175.59999999999997,85.0,85.0,46.0,46.0,60.4121,87.1579,73.785,84.48331999999999,85.82061,86.89044200000001
26.80951993,0.999135908,99.57847005,41.4408,52.0,122.0,69.0,97.9,102.0,112.66999999999996,93.0,93.0,51.0,54.0,31.4737,60.0828,45.77825,57.22189,58.652345000000004,59.796709
132.0172424,5.657646117,612.2077479,41.479,42.0,125.0,60.0,88.20000000000002,100.19999999999999,115.63999999999999,97.0,97.0,44.0,51.0,70.2051,109.246,95.28864999999999,109.19999999999999,109.223,109.24139999999998
132.0172424,5.657646117,612.2077479,41.2362,42.0,125.0,60.0,88.20000000000002,100.19999999999999,115.63999999999999,97.0,97.0,44.0,51.0,70.2051,109.246,95.28864999999999,109.19999999999999,109.223,109.24139999999998
28.67046637,3.688318535,410.9032105,42.5437,47.0,199.0,63.0,142.0,161.39999999999986,196.96999999999997,,,49.0,49.0,115.954,124.026,119.775,123.7422,123.8841,123.99762
17.75870905,1.06724497,110.8528221,42.5437,45.0,143.0,73.0,96.60000000000014,125.0,134.0,105.0,105.0,47.0,47.0,56.3213,217.554,62.21015,172.38444,194.96921999999995,213.03704399999995
17.75870905,1.06724497,110.8528221,42.5437,45.0,143.0,73.0,96.60000000000014,125.0,134.0,105.0,105.0,47.0,47.0,56.3213,217.554,62.21015,172.38444,194.96921999999995,213.03704399999995
19.63010332,1.084310276,109.1149564,42.5182,45.0,107.0,63.0,95.80000000000001,100.39999999999998,106.0,,,,,86.697,127.595,109.393,123.9546,125.7748,127.23096
19.63010332,1.084310276,109.1149564,42.5063,45.0,107.0,63.0,95.80000000000001,100.39999999999998,106.0,,,,,86.697,127.595,109.393,123.9546,125.7748,127.23096
16.91448838,1.078722928,97.70788221,42.4749,55.0,131.0,75.0,112.4,117.0,123.44,112.0,116.0,48.0,58.0,30.9773,128.183,43.3932,111.22504,119.70401999999999,126.48720399999999
16.91448838,1.078722928,97.70788221,42.0148,55.0,131.0,75.0,112.4,117.0,123.44,112.0,116.0,48.0,58.0,30.9773,128.183,43.3932,111.22504,119.70401999999999,126.48720399999999
16.7909951,0.945163112,91.47975581,42.4729,45.0,141.0,64.0,99.30000000000001,107.0,130.13,105.0,105.0,47.0,47.0,58.7936,68.4306,63.6121,67.4669,67.94874999999999,68.33422999999999
21.42001875,1.102142497,100.3316446,43.3729,51.0,119.0,70.0,99.80000000000001,108.89999999999998,115.0,102.0,102.0,53.0,53.0,115.317,115.317,115.317,115.317,115.317,115.317
35.25714595,1.104978407,105.0061523,43.3316,47.0,113.0,67.0,95.10000000000002,99.05000000000001,105.22000000000003,99.0,99.0,48.0,48.0,78.7433,99.8674,79.9238,95.87868,97.87304,99.468528
35.25714595,1.104978407,105.0061523,43.483,47.0,113.0,67.0,95.10000000000002,99.05000000000001,105.22000000000003,99.0,99.0,48.0,48.0,78.7433,99.8674,79.9238,95.87868,97.87304,99.468528
35.25714595,1.104978407,105.0061523,43.4479,47.0,113.0,67.0,95.10000000000002,99.05000000000001,105.22000000000003,99.0,99.0,48.0,48.0,78.7433,99.8674,79.9238,95.87868,97.87304,99.468528
21.27997175,1.089256568,96.71670037,42.8422,54.0,138.0,76.0,97.80000000000001,105.0,108.27999999999997,106.5,106.5,56.0,56.0,66.5094,122.546,94.52770000000001,116.94234,119.74417,121.985634
11.38964358,0.550324733,52.78127212,43.0017,44.0,113.0,68.0,91.1,96.0,102.43,98.0,98.0,47.0,47.0,62.7495,102.965,82.4168,102.2573,102.61115,102.89423000000001
22.7789854,0.930826375,85.11205851,42.7313,44.0,114.0,60.0,92.0,100.64999999999998,110.86000000000001,96.0,96.0,,,44.2097,97.6646,76.61265,93.63689,95.65074499999999,97.26182899999999
28.48607189,1.074848759,104.4136921,43.1885,51.0,98.0,65.0,85.10000000000002,88.0,95.62,,,,,52.3235,88.0916,70.20755,84.51479,86.30319499999999,87.733919
18.5996804,1.084878138,103.9356865,42.9928,43.0,128.0,73.0,106.0,111.0,120.79000000000002,113.0,113.0,46.0,46.0,60.2858,158.194,103.6395,147.0217,152.60784999999998,157.07676999999998
18.5996804,1.084878138,103.9356865,42.9928,43.0,128.0,73.0,106.0,111.0,120.79000000000002,113.0,113.0,46.0,46.0,60.2858,158.194,103.6395,147.0217,152.60784999999998,157.07676999999998
18.5996804,1.084878138,103.9356865,43.3974,43.0,128.0,73.0,106.0,111.0,120.79000000000002,113.0,113.0,46.0,46.0,60.2858,158.194,103.6395,147.0217,152.60784999999998,157.07676999999998
17.24395827,1.007279669,96.60953171,42.5976,47.0,120.0,66.0,103.69999999999999,110.0,119.0,113.0,113.0,49.0,49.0,44.6619,110.256,63.51205,101.28852,105.77225999999999,109.35925199999998
17.24395827,1.007279669,96.60953171,43.0708,47.0,120.0,66.0,103.69999999999999,110.0,119.0,113.0,113.0,49.0,49.0,44.6619,110.256,63.51205,101.28852,105.77225999999999,109.35925199999998
39.84420265,1.488666225,141.4385297,43.2433,50.0,118.0,61.0,89.0,99.0,117.30000000000001,91.0,91.0,48.0,53.0,65.7533,83.3029,74.5281,81.54794,82.42541999999999,83.127404
23.74460048,3.131614629,361.051086,42.3336,46.0,199.0,74.0,145.0,156.0,192.35000000000002,115.0,115.0,48.0,50.0,35.4551,154.124,85.4442,140.4865,147.30525,152.76025
23.74460048,3.131614629,361.051086,41.9826,46.0,199.0,74.0,145.0,156.0,192.35000000000002,115.0,115.0,48.0,50.0,35.4551,154.124,85.4442,140.4865,147.30525,152.76025
23.74460048,3.131614629,361.051086,43.208,46.0,199.0,74.0,145.0,156.0,192.35000000000002,115.0,115.0,48.0,50.0,35.4551,154.124,85.4442,140.4865,147.30525,152.76025
20.80584715,1.09604498,94.30959325,43.2198,49.0,108.0,66.0,96.0,102.0,104.91000000000003,108.0,108.0,,,37.4667,119.743,61.3952,96.57796,108.16047999999999,117.426496
21.68537023,1.314977003,130.3537671,43.2198,44.0,177.0,77.0,132.0,143.25,167.34999999999997,111.0,111.0,47.0,47.0,45.5909,95.9323,83.6981,93.48545999999999,94.70888,95.687616
21.68537023,1.314977003,130.3537671,43.0706,44.0,177.0,77.0,132.0,143.25,167.34999999999997,111.0,111.0,47.0,47.0,45.5909,95.9323,83.6981,93.48545999999999,94.70888,95.687616
22.1149931,1.119267557,112.4918844,42.5924,50.0,117.0,75.0,106.9,113.0,117.0,115.0,115.0,58.0,58.0,52.5916,75.6009,64.3127,73.34326,74.47208,75.375136
22.1149931,1.119267557,112.4918844,42.6206,50.0,117.0,75.0,106.9,113.0,117.0,115.0,115.0,58.0,58.0,52.5916,75.6009,64.3127,73.34326,74.47208,75.375136
22.2268845,1.093054399,97.45652627,42.2649,45.0,150.0,65.0,114.69999999999999,133.0,147.14,109.0,109.0,47.0,47.0,68.4078,95.9394,83.8063,93.51278,94.72609000000001,95.696738
22.2268845,1.093054399,97.45652627,41.9914,45.0,150.0,65.0,114.69999999999999,133.0,147.14,109.0,109.0,47.0,47.0,68.4078,95.9394,83.8063,93.51278,94.72609000000001,95.696738
16.4415059,1.065089311,101.190695,42.075,44.0,119.0,62.5,95.5,105.5,115.94999999999993,104.0,104.0,46.0,46.0,55.0057,55.0057,55.0057,55.0057,55.0057,55.0057
16.4415059,1.065089311,101.190695,42.0774,44.0,119.0,62.5,95.5,105.5,115.94999999999993,104.0,104.0,46.0,46.0,55.0057,55.0057,55.0057,55.0057,55.0057,55.0057
19.27495157,1.009623098,100.5633892,42.0594,46.0,120.0,71.0,96.0,106.34999999999997,116.80999999999995,106.0,106.0,47.0,47.0,74.8106,118.7,92.1324,113.38648,116.04324000000001,118.168648
11.90362907,1.005276617,120.8254007,39.3482,47.0,155.0,66.0,85.0,93.0,147.04999999999995,,,48.0,48.0,72.0208,130.956,102.256,125.216,128.08599999999998,130.38199999999998
17.02696977,1.056289628,92.641,39.707,48.0,118.0,64.0,93.0,103.89999999999998,114.0,104.0,104.0,,,51.3164,132.426,62.8893,120.72319999999999,126.57459999999999,131.25571999999997
17.02696977,1.056289628,92.641,40.0943,48.0,118.0,64.0,93.0,103.89999999999998,114.0,104.0,104.0,,,51.3164,132.426,62.8893,120.72319999999999,126.57459999999999,131.25571999999997
17.75519904,1.037412468,101.9730358,40.2626,50.0,120.0,62.0,104.0,109.0,114.0,111.0,111.0,52.0,52.0,42.9913,84.5473,71.13725,83.89330000000001,84.22030000000001,84.48190000000001
17.75519904,1.037412468,101.9730358,40.3521,50.0,120.0,62.0,104.0,109.0,114.0,111.0,111.0,52.0,52.0,42.9913,84.5473,71.13725,83.89330000000001,84.22030000000001,84.48190000000001
20.30640953,1.0828703,97.9048418,40.5575,44.0,120.0,59.0,95.0,108.0,116.20999999999998,106.0,106.0,47.0,47.0,65.0442,97.3614,81.16855,96.8894,97.1254,97.3142
20.30640953,1.0828703,97.9048418,40.7464,44.0,120.0,59.0,95.0,108.0,116.20999999999998,106.0,106.0,47.0,47.0,65.0442,97.3614,81.16855,96.8894,97.1254,97.3142
23.0513581,1.14446154,107.5747884,40.5019,43.0,131.0,70.0,103.30000000000001,107.64999999999998,113.46000000000004,,,,,69.0353,125.785,82.09955,115.27978,120.53238999999999,124.734478
23.0513581,1.14446154,107.5747884,40.7279,43.0,131.0,70.0,103.30000000000001,107.64999999999998,113.46000000000004,,,,,69.0353,125.785,82.09955,115.27978,120.53238999999999,124.734478
20.11148223,1.140438907,96.46745577,41.1472,44.0,128.0,61.0,92.0,112.0,121.36000000000001,,,,,57.2036,108.403,58.287,98.3798,103.3914,107.40068000000001
24.22233067,1.092637069,113.1665266,44.1283,45.0,112.0,64.0,83.90000000000003,97.89999999999998,108.0,104.0,104.0,47.0,47.0,69.7513,141.168,105.45965000000001,134.02633,137.597165,140.453833
24.22233067,1.092637069,113.1665266,43.5074,45.0,112.0,64.0,83.90000000000003,97.89999999999998,108.0,104.0,104.0,47.0,47.0,69.7513,141.168,105.45965000000001,134.02633,137.597165,140.453833
20.94115647,1.099591877,93.7079034,43.5074,45.0,146.0,65.0,116.19999999999999,127.0,137.09999999999985,113.0,113.0,48.0,48.0,43.7514,112.11,61.31615,97.4514,104.7807,110.64414
20.94115647,1.099591877,93.7079034,43.5074,45.0,146.0,65.0,116.19999999999999,127.0,137.09999999999985,113.0,113.0,48.0,48.0,43.7514,112.11,61.31615,97.4514,104.7807,110.64414
22.61431632,1.071478058,94.58115421,43.1164,47.0,139.0,70.0,101.0,108.0,125.52999999999997,,,,,44.2564,99.3504,52.46995,87.71418000000001,93.53228999999997,98.18677799999999
22.61431632,1.071478058,94.58115421,43.0773,47.0,139.0,70.0,101.0,108.0,125.52999999999997,,,,,44.2564,99.3504,52.46995,87.71418000000001,93.53228999999997,98.18677799999999
65.59520183,4.08127112,376.4930815,43.8376,47.0,164.0,69.0,124.0,131.8,163.51999999999998,121.0,121.0,50.0,50.0,22.0688,125.051,83.9732,116.83544,120.94322,124.229444
17.62629178,1.072087744,90.88270372,44.1895,49.0,128.0,67.0,100.39999999999998,111.0,122.24000000000001,107.5,107.5,51.0,51.0,51.5558,97.3197,66.6197,91.6189,94.46929999999999,96.74962
17.62629178,1.072087744,90.88270372,44.1895,49.0,128.0,67.0,100.39999999999998,111.0,122.24000000000001,107.5,107.5,51.0,51.0,51.5558,97.3197,66.6197,91.6189,94.46929999999999,96.74962
36.13461143,1.43763216,135.0227198,44.1178,48.0,110.0,67.0,94.0,104.0,108.41999999999996,,,,,62.0584,136.827,84.9735,133.8342,135.3306,136.52772
36.13461143,1.43763216,135.0227198,43.9616,48.0,110.0,67.0,94.0,104.0,108.41999999999996,,,,,62.0584,136.827,84.9735,133.8342,135.3306,136.52772
22.50941083,1.103492191,109.2639238,43.4742,47.0,122.0,72.0,103.20000000000002,108.6,119.32,92.0,106.0,49.0,50.0,56.5995,94.3941,92.6485,94.04498,94.21954,94.35918799999999
22.50941083,1.103492191,109.2639238,43.0012,47.0,122.0,72.0,103.20000000000002,108.6,119.32,92.0,106.0,49.0,50.0,56.5995,94.3941,92.6485,94.04498,94.21954,94.35918799999999
27.8315993,1.107258998,102.649532,42.7971,45.0,150.0,73.0,101.0,119.60000000000002,145.91999999999996,110.0,110.0,47.0,47.0,29.2927,115.19,54.2172,99.81708,107.50353999999999,113.65270799999999
27.8315993,1.107258998,102.649532,42.9115,45.0,150.0,73.0,101.0,119.60000000000002,145.91999999999996,110.0,110.0,47.0,47.0,29.2927,115.19,54.2172,99.81708,107.50353999999999,113.65270799999999
35.26167518,3.084906883,354.7827736,42.9837,54.0,171.0,89.0,156.0,158.59999999999997,167.0,92.5,92.5,61.0,61.0,,,,,,
22.05735995,1.088800506,116.5811244,42.9837,46.0,127.0,68.0,101.0,110.0,125.09999999999997,117.0,117.0,50.0,50.0,66.9533,275.668,87.30369999999999,219.29932000000005,247.48365999999996,270.03113199999996
22.05735995,1.088800506,116.5811244,42.9837,46.0,127.0,68.0,101.0,110.0,125.09999999999997,117.0,117.0,50.0,50.0,66.9533,275.668,87.30369999999999,219.29932000000005,247.48365999999996,270.03113199999996
21.12832812,1.064095755,101.1869778,43.0005,45.0,137.0,62.0,96.30000000000001,106.0,124.86000000000001,97.0,97.0,46.0,46.0,60.0104,78.2887,69.18795,77.29633000000001,77.792515,78.189463
26.8885403,3.235240289,424.507739,42.9339,43.0,201.0,71.0,151.0,168.0,197.08000000000004,83.5,83.5,48.0,48.0,35.6949,91.4433,40.0664,81.16792,86.30560999999999,90.41576199999999
20.88416268,1.064556314,108.1316166,42.9339,47.0,121.0,62.5,93.0,107.10000000000002,117.0,115.0,115.0,51.0,51.0,83.3464,208.808,115.418,190.13,199.469,206.94019999999998
22.41150023,1.142288399,107.281896,42.7728,45.0,123.0,67.5,97.1,103.0,115.0,,,,,61.3912,118.435,86.83755,109.02454000000002,113.72977,117.493954
29.57968676,1.181505241,120.9529667,42.6216,48.0,115.0,73.0,90.48488,96.6,111.27999999999997,104.0,104.0,47.0,50.0,78.3494,91.1256,89.7171,90.84389999999999,90.98475000000002,91.09743
29.57968676,1.181505241,120.9529667,42.6216,48.0,115.0,73.0,90.48488,96.6,111.27999999999997,104.0,104.0,47.0,50.0,78.3494,91.1256,89.7171,90.84389999999999,90.98475000000002,91.09743
27.34913165,1.122020228,95.12590391,42.5801,44.0,95.0,61.0,80.0,85.0,91.0,105.0,105.0,46.0,46.0,23.1867,140.769,69.9043,120.27510000000002,130.52204999999998,138.71961
83.930463,3.334740388,609.9030519,42.5922,43.0,126.0,59.0,96.70000000000002,109.0,119.41,,,,,90.0875,122.205,106.14625000000001,118.99324999999999,120.599125,121.883825
31.42872005,2.033669382,135.3284046,42.7257,50.0,121.0,70.0,81.0,84.39999999999998,93.91999999999962,105.0,166.0,44.0,54.0,46.9534,46.9534,46.9534,46.9534,46.9534,46.9534
31.42872005,2.033669382,135.3284046,42.3709,50.0,121.0,70.0,81.0,84.39999999999998,93.91999999999962,105.0,166.0,44.0,54.0,46.9534,46.9534,46.9534,46.9534,46.9534,46.9534
55.98620182,6.176452718,859.6027966,42.7916,48.0,191.0,69.0,166.8,176.89999999999998,189.0,93.0,93.0,50.0,50.0,39.5767,52.2446,45.910650000000004,50.97781,51.611205,52.117920999999996
33.05935793,1.171929028,124.4698449,42.5253,43.0,92.0,57.0,80.30000000000001,82.14999999999998,88.11999999999989,103.0,103.0,45.0,45.0,81.9016,185.604,102.3534,164.34630000000004,174.97514999999999,183.47823
33.05935793,1.171929028,124.4698449,42.3357,43.0,92.0,57.0,80.30000000000001,82.14999999999998,88.11999999999989,103.0,103.0,45.0,45.0,81.9016,185.604,102.3534,164.34630000000004,174.97514999999999,183.47823
40.70249807,1.074978651,117.7081,42.3134,45.0,93.0,56.0,68.0,74.0,80.81,85.0,85.0,46.0,46.0,69.2883,155.651,80.4402,140.60884000000001,148.12992000000003,154.146784
24.70688343,1.052276263,107.182508,42.6593,44.0,87.0,56.0,75.0,77.0,82.57,91.0,175.0,45.0,47.0,56.9792,64.1492,61.497,63.618759999999995,63.883979999999994,64.096156
20.26586727,0.987046355,89.37162608,42.7052,43.0,102.0,55.5,86.70000000000002,94.0,100.94,,,,,81.4118,91.674,86.5429,90.64778000000001,91.16089000000001,91.57137800000001
22.8798259,3.05802847,347.6405956,44.265,50.0,199.0,70.0,159.00000000000006,181.0,196.98,95.0,103.0,45.0,55.0,11.6351,42.1437,41.4759,42.01014000000001,42.07692,42.130344
36.72116614,1.496410141,172.8146065,44.265,43.0,121.0,62.0,109.70000000000002,112.0,120.0,,,,,88.5988,88.5988,88.5988,88.5988,88.5988,88.5988
50.85693578,1.849282415,300.142624,44.321,49.0,172.0,76.0,152.4,163.0,169.44,91.0,119.0,44.0,52.0,,,,,,
8.057176584,1.131285961,118.298688,45.02,45.0,187.0,64.0,122.69999999999999,154.39999999999986,185.76999999999998,84.0,84.0,46.0,46.0,15.1956,79.7974,79.4284,79.72359999999999,79.7605,79.79001999999998
6.38983325,1.032614668,113.4956946,45.02,46.0,195.0,66.8913,148.7,166.84999999999997,185.93999999999994,,,,,17.9652,112.856,48.0807,89.55392,101.20495999999999,110.525792
6.455388349,1.025835952,109.5039522,45.02,47.0,190.0,60.0,146.0,159.0,184.0,80.5,80.5,49.0,49.0,59.9187,67.6618,63.79025,66.88749,67.27464499999999,67.584369
12.0361449,1.071976358,124.412,44.9528,51.0,188.0,145.0,180.0,183.0,186.0,83.5,87.5,47.0,53.0,45.7698,59.368,52.5689,58.00818,58.68809,59.232018000000004
8.787494117,1.052240675,113.700111,45.0782,43.0,182.0,65.0,122.0,135.39999999999998,176.69999999999993,98.0,98.0,,,32.3666,132.676,95.0151,125.14381999999999,128.90990999999997,131.92278199999998
6.822631133,1.022518061,103.3353309,45.0782,42.0,193.0,62.0,148.0,166.29999999999995,186.53,68.0,68.0,52.0,52.0,21.0193,85.9368,22.798,73.30904000000001,79.62292000000001,84.674024
15.7275606,2.008350891,221.580967,45.0763,42.0,192.0,60.0,124.60000000000002,138.60000000000002,183.12,98.0,98.0,44.0,44.0,23.8727,90.5959,65.07169999999999,84.72109,87.65849499999999,90.008419
15.7275606,2.008350891,221.580967,45.5516,42.0,192.0,60.0,124.60000000000002,138.60000000000002,183.12,98.0,98.0,44.0,44.0,23.8727,90.5959,65.07169999999999,84.72109,87.65849499999999,90.008419
18.25165395,1.076006014,96.36086272,45.4928,41.7391,134.0,64.0,105.0,110.0,114.73999999999995,78.0,115.0,42.0,46.0,61.178,144.628,85.1014,132.004,138.31599999999997,143.36559999999997
18.25165395,1.076006014,96.36086272,46.6705,41.7391,134.0,64.0,105.0,110.0,114.73999999999995,78.0,115.0,42.0,46.0,61.178,144.628,85.1014,132.004,138.31599999999997,143.36559999999997
60.25327005,7.012289474,950.7478368,45.4161,46.0,196.0,63.0,156.0,170.09999999999997,193.6599999999999,81.0,81.0,47.0,47.0,6.47109,157.186,72.5326,142.537,149.86149999999998,155.72109999999998
17.51415192,1.457424265,192.8941227,45.2569,44.0,161.0,65.5,110.30000000000001,125.0,156.98999999999995,86.0,86.0,45.0,45.0,58.3609,126.348,68.0033,109.52301,117.93550499999998,124.66550099999998
21.88227865,1.232275817,101.5508555,44.9799,41.0,97.0,57.0,84.30000000000001,91.14999999999998,95.46000000000004,,,,,120.42,120.42,120.42,120.42,120.42,120.42
21.88227865,1.232275817,101.5508555,45.083,41.0,97.0,57.0,84.30000000000001,91.14999999999998,95.46000000000004,,,,,120.42,120.42,120.42,120.42,120.42,120.42
23.42258452,1.000742575,75.45523207,44.6353,47.0,116.0,64.0,85.0,89.79999999999998,94.80000000000001,88.0,88.0,48.0,48.0,74.8574,90.956,82.9067,89.34613999999999,90.15106999999999,90.79501400000001
22.16795735,1.089925752,100.2784995,44.7121,45.0,168.0,68.0,105.0,125.0,157.31999999999994,103.0,103.0,46.0,47.0,24.3798,126.718,60.412850000000006,109.37323,118.04561499999998,124.98352299999999
22.16795735,1.089925752,100.2784995,44.8196,45.0,168.0,68.0,105.0,125.0,157.31999999999994,103.0,103.0,46.0,47.0,24.3798,126.718,60.412850000000006,109.37323,118.04561499999998,124.98352299999999
37.04786195,1.715703446,162.3785236,44.826,48.0,166.0,79.0,140.40000000000003,152.2,165.0,,,,,55.4392,90.6156,73.0274,87.09796,88.85678,90.26383600000001
24.43057433,1.069703256,98.91670974,43.656,45.0,112.0,59.0,94.0,97.0,101.0,101.0,101.0,46.0,46.0,78.8559,101.283,81.87440000000001,96.2931,98.78805,100.78401
24.43057433,1.069703256,98.91670974,44.0217,45.0,112.0,59.0,94.0,97.0,101.0,101.0,101.0,46.0,46.0,78.8559,101.283,81.87440000000001,96.2931,98.78805,100.78401
35.38774225,4.454378289,554.2817598,43.6287,44.0,199.0,62.0,164.2,175.0,197.62,82.0,82.0,45.0,45.0,41.6263,162.934,81.0131,151.4616,157.19779999999997,161.78676000000002
29.75409563,4.009325033,469.1963088,45.434,43.0,203.0,71.0,160.0,177.79999999999995,200.0,67.0,72.0,43.0,45.0,36.4709,104.152,67.98065,95.1954,99.6737,103.25634
25.43717297,3.147253354,371.8294443,45.6576,47.0,200.0,75.0,158.20000000000005,178.0,197.01999999999998,87.0,87.0,50.0,50.0,89.4085,112.622,91.3503,108.36766,110.49483000000001,112.19656599999999
25.43717297,3.147253354,371.8294443,45.7407,47.0,200.0,75.0,158.20000000000005,178.0,197.01999999999998,87.0,87.0,50.0,50.0,89.4085,112.622,91.3503,108.36766,110.49483000000001,112.19656599999999
26.88184868,1.124621581,102.048,45.8141,53.0,127.0,73.0,106.0,116.0,124.0,90.0,90.0,55.0,55.0,113.425,161.764,137.5945,156.9301,159.34705000000002,161.28061000000002
19.301669,1.074874509,91.12140382,45.8141,46.0,118.0,65.0,106.80000000000001,109.0,113.0,116.0,116.0,47.0,47.0,62.5809,107.022,84.80145,102.57789,104.79994500000001,106.577589
19.301669,1.074874509,91.12140382,45.7989,46.0,118.0,65.0,106.80000000000001,109.0,113.0,116.0,116.0,47.0,47.0,62.5809,107.022,84.80145,102.57789,104.79994500000001,106.577589
34.6750115,4.03028207,488.456,44.869,44.4596,187.0,60.0,127.0,145.50000000000006,180.29999999999995,93.5,93.5,47.0,47.0,12.5424,106.705,80.1973,105.0127,105.85885,106.53577
40.16455448,5.008126593,622.8861787,44.9343,44.0,198.0,61.0,146.70000000000002,165.74999999999983,193.53999999999996,102.0,102.0,47.0,47.0,31.0494,103.236,75.5463,97.69806,100.46703,102.682206
30.09632072,4.01185996,449.8813062,45.2928,46.0,198.0,64.0,148.1,171.09999999999997,194.03999999999996,106.0,106.0,51.0,51.0,32.9332,61.381,47.1571,58.53622,59.95861,61.096522
21.44526777,3.023044579,328.1565315,45.2928,45.0,196.0,70.0,146.4,167.89999999999992,191.67999999999995,,,46.0,46.0,69.4397,121.371,95.40535,116.17786999999998,118.774435,120.85168699999998
29.9522254,3.649059516,446.0213141,45.1255,43.0,188.0,59.0,139.20000000000002,156.2,187.0,68.0,68.0,46.0,51.0,71.8836,132.617,102.2503,126.54366,129.58032999999998,132.009666
36.36016968,4.016158374,490.1162364,44.9108,44.0,184.0,59.0,128.0,138.0,174.0,69.0,69.0,46.0,46.0,59.3822,99.0524,64.0234,92.0466,95.54950000000001,98.35182
20.62199795,1.118227813,88.47848276,44.6493,44.0,103.0,61.0,84.0,92.0,97.88,,,,,49.7462,49.7462,49.7462,49.7462,49.7462,49.7462
30.10696985,1.085058257,100.0318368,44.5796,44.0,114.0,60.0,83.0,96.84999999999997,108.0,100.0,100.0,47.0,47.0,69.3235,79.9351,74.6293,78.87394,79.40452,79.828984
30.10696985,1.085058257,100.0318368,44.5796,44.0,114.0,60.0,83.0,96.84999999999997,108.0,100.0,100.0,47.0,47.0,69.3235,79.9351,74.6293,78.87394,79.40452,79.828984
23.06961235,1.161771494,113.9567328,44.2258,46.0,115.0,64.0,91.60000000000002,102.0,114.0,99.0,99.0,48.0,48.0,27.7545,142.603,50.871449999999996,116.45722000000002,129.53010999999998,139.98842199999999
19.83494722,1.085735486,114.4218193,44.2258,47.0,125.0,70.0,110.0,118.44999999999999,122.0,111.0,111.0,48.0,48.0,58.3138,61.5102,59.912,61.19056,61.35038,61.478235999999995
20.17150947,1.121893516,94.42273818,44.1704,48.0,121.0,69.0,97.80000000000001,107.0,115.0,105.0,105.0,49.0,49.0,166.512,246.133,206.3225,238.1709,242.15195,245.33679
20.17150947,1.121893516,94.42273818,44.3488,48.0,121.0,69.0,97.80000000000001,107.0,115.0,105.0,105.0,49.0,49.0,166.512,246.133,206.3225,238.1709,242.15195,245.33679
24.19661015,1.17707258,106.1903345,44.3488,52.0,116.0,80.0,110.0,113.0,115.0,115.0,115.0,50.0,50.0,,,,,,
24.19661015,1.17707258,106.1903345,44.9175,52.0,116.0,80.0,110.0,113.0,115.0,115.0,115.0,50.0,50.0,,,,,,
32.33869103,1.052025468,102.3896563,44.8288,48.0,132.688,70.0,109.60000000000002,114.0,119.77999999999997,102.0,102.0,50.0,50.0,51.2579,129.647,74.5771,118.63302,124.14000999999999,128.545602
32.33869103,1.052025468,102.3896563,43.7102,48.0,132.688,70.0,109.60000000000002,114.0,119.77999999999997,102.0,102.0,50.0,50.0,51.2579,129.647,74.5771,118.63302,124.14000999999999,128.545602
53.8918937,6.007929972,814.0373796,43.0453,48.0,199.0,76.0,170.6,187.0,196.0,,,,,58.025,141.608,140.129,141.31220000000002,141.4601,141.57842
29.41526892,1.09758828,101.8777361,43.569,46.0,115.0,63.0,91.0,97.0,105.0,81.0,103.0,47.0,48.0,44.8428,68.8939,56.86835,66.48879,67.691345,68.653389
29.41526892,1.09758828,101.8777361,43.6518,46.0,115.0,63.0,91.0,97.0,105.0,81.0,103.0,47.0,48.0,44.8428,68.8939,56.86835,66.48879,67.691345,68.653389
25.83474285,1.148346793,102.9270733,43.6518,48.0,126.0,68.0,101.19999999999999,114.09999999999997,124.01999999999998,121.0,121.0,50.0,50.0,121.76,127.0,124.38,126.476,126.738,126.94760000000001
25.83474285,1.148346793,102.9270733,43.3684,48.0,126.0,68.0,101.19999999999999,114.09999999999997,124.01999999999998,121.0,121.0,50.0,50.0,121.76,127.0,124.38,126.476,126.738,126.94760000000001
23.0505929,1.137071751,93.47290939,43.3684,46.0,129.0,74.0,104.0,106.89999999999998,111.96000000000004,,,,,25.3845,165.549,49.0784,119.62212000000002,142.58556,160.956312
18.70705585,1.119691408,94.94433184,43.4545,49.0,122.0,61.0,93.60000000000002,98.80000000000001,108.91999999999996,102.0,102.0,51.0,51.0,48.8505,73.3366,56.6116,69.9916,71.6641,73.0021
14.88097583,1.828087702,207.4903676,41.9501,49.0,201.0,73.0,144.0,163.15000000000003,191.62,99.0,99.0,52.0,52.0,41.573,103.472,88.3091,100.43942,101.95570999999998,103.168742
36.5071187,1.118666705,116.5340282,41.9501,48.0,109.0,75.0,91.0,95.0,101.44999999999999,108.0,108.0,49.0,49.0,,,,,,
36.5071187,1.118666705,116.5340282,41.9501,48.0,109.0,75.0,91.0,95.0,101.44999999999999,108.0,108.0,49.0,49.0,,,,,,
16.08314913,0.539755573,49.74316281,41.9501,48.0,115.0,66.0,82.0,85.94999999999999,96.98000000000002,72.0,72.0,50.0,50.0,46.2952,61.6015,53.948350000000005,60.07087,60.836185,61.448437000000006
24.48867887,1.092835053,95.37416509,41.9501,48.0,128.0,67.0,97.0,113.75,122.55000000000001,108.0,108.0,50.0,50.0,74.2799,81.7022,74.2984,80.22144,80.96182,81.554124
24.48867887,1.092835053,95.37416509,41.9501,48.0,128.0,67.0,97.0,113.75,122.55000000000001,108.0,108.0,50.0,50.0,74.2799,81.7022,74.2984,80.22144,80.96182,81.554124
50.2888857,3.036568996,238.6111516,41.9501,48.0,165.0,89.0,150.0,153.0,163.0,115.0,115.0,49.0,49.0,62.2249,151.421,94.8571,129.98468,140.70283999999998,149.277368
56.77628612,6.452736291,789.3908,42.4018,56.0,202.0,75.0,158.0,181.79999999999998,199.12,88.0,88.0,50.0,59.0,17.8212,17.8212,17.8212,17.8212,17.8212,17.8212
19.98329442,1.136082188,99.17383935,41.1025,46.0,108.0,62.0,96.0,100.05000000000001,107.22000000000003,,,,,55.9498,116.659,83.5427,110.03574,113.34737000000001,115.99667400000001
19.98329442,1.136082188,99.17383935,41.2556,46.0,108.0,62.0,96.0,100.05000000000001,107.22000000000003,,,,,55.9498,116.659,83.5427,110.03574,113.34737000000001,115.99667400000001
18.06262563,1.118386437,95.2119539,41.2556,46.0,118.0,65.0,104.19999999999999,112.0,116.0,107.0,112.0,47.0,48.0,68.0735,84.8874,76.3643,83.18278,84.03509,84.716938
18.06262563,1.118386437,95.2119539,41.2556,46.0,118.0,65.0,104.19999999999999,112.0,116.0,107.0,112.0,47.0,48.0,68.0735,84.8874,76.3643,83.18278,84.03509,84.716938
19.80912732,2.046043283,221.6853136,41.0962,46.0,170.0,64.0,131.0,145.5,165.3,85.0,85.0,48.0,48.0,23.5956,80.3313,63.5197,78.36186000000001,79.34657999999999,80.134356
20.1050246,1.07277526,91.39824471,41.0156,46.0,116.122,66.0,94.0,102.0,110.0,101.0,101.0,47.0,47.0,53.3971,53.3971,53.3971,53.3971,53.3971,53.3971
20.1050246,1.07277526,91.39824471,41.0156,46.0,116.122,66.0,94.0,102.0,110.0,101.0,101.0,47.0,47.0,53.3971,53.3971,53.3971,53.3971,53.3971,53.3971
23.39645235,1.117939077,114.1789168,41.0156,47.0,104.0,62.0,90.30000000000001,98.0,102.0,113.0,113.0,,,46.5242,64.3428,55.433499999999995,62.560939999999995,63.45187,64.164614
23.39645235,1.117939077,114.1789168,40.9406,47.0,104.0,62.0,90.30000000000001,98.0,102.0,113.0,113.0,,,46.5242,64.3428,55.433499999999995,62.560939999999995,63.45187,64.164614
22.95847727,1.162124481,127.6207912,40.8436,44.0,134.0,65.0,92.0,95.5,106.9255,116.0,116.0,46.0,50.0,40.7316,105.513,69.64075,98.23305000000002,101.873025,104.785005
22.95847727,1.162124481,127.6207912,40.8436,44.0,134.0,65.0,92.0,95.5,106.9255,116.0,116.0,46.0,50.0,40.7316,105.513,69.64075,98.23305000000002,101.873025,104.785005
59.80724712,5.538635976,776.2582956,40.6238,45.0,185.0,74.0,137.3,148.0,175.96999999999986,98.0,98.0,46.0,46.0,37.6049,109.904,66.05935,100.46417,105.184085,108.960017
33.45397443,4.044606544,458.0775992,39.935,47.0,192.0,70.0,137.0,152.25,190.0,82.0,82.0,49.0,49.0,38.4029,38.4029,38.4029,38.4029,38.4029,38.4029
33.45397443,4.044606544,458.0775992,39.935,47.0,192.0,70.0,137.0,152.25,190.0,82.0,82.0,49.0,49.0,38.4029,38.4029,38.4029,38.4029,38.4029,38.4029
33.45397443,4.044606544,458.0775992,40.8393,47.0,192.0,70.0,137.0,152.25,190.0,82.0,82.0,49.0,49.0,38.4029,38.4029,38.4029,38.4029,38.4029,38.4029
17.22392597,1.077129245,107.8791854,40.3321,47.0,134.0,66.0,97.19999999999999,102.59999999999997,112.71999999999997,122.0,122.0,47.0,47.0,89.53,124.788,99.0177,119.63394,122.21097,124.272594
17.22392597,1.077129245,107.8791854,40.3321,47.0,134.0,66.0,97.19999999999999,102.59999999999997,112.71999999999997,122.0,122.0,47.0,47.0,89.53,124.788,99.0177,119.63394,122.21097,124.272594
15.79373875,2.054359543,219.67146,41.9614,46.0,201.0,70.0,143.0,160.10000000000002,197.05,117.0,117.0,47.0,47.0,11.174,151.672,80.1764,137.37288,144.52244,150.242088
20.39573592,1.084261435,86.16353668,40.4561,48.0,122.0,70.0,100.60000000000002,105.0,113.0,110.0,110.0,51.0,51.0,43.5653,98.5958,78.4658,94.5698,96.58279999999999,98.19319999999999
20.39573592,1.084261435,86.16353668,40.4561,48.0,122.0,70.0,100.60000000000002,105.0,113.0,110.0,110.0,51.0,51.0,43.5653,98.5958,78.4658,94.5698,96.58279999999999,98.19319999999999
24.28378878,1.16799792,100.3974172,40.3089,51.0,169.0,65.0,104.0,120.5,141.30000000000007,112.0,112.0,52.0,52.0,39.3621,121.6,68.0055,110.8811,116.24054999999998,120.52811
24.28378878,1.16799792,100.3974172,40.1946,51.0,169.0,65.0,104.0,120.5,141.30000000000007,112.0,112.0,52.0,52.0,39.3621,121.6,68.0055,110.8811,116.24054999999998,120.52811
24.28378878,1.16799792,100.3974172,40.1946,51.0,169.0,65.0,104.0,120.5,141.30000000000007,112.0,112.0,52.0,52.0,39.3621,121.6,68.0055,110.8811,116.24054999999998,120.52811
21.75070797,1.163556204,94.60540479,40.1946,49.0,122.0,68.0,98.40000000000003,102.39999999999998,112.0,108.0,108.0,52.0,52.0,77.0219,77.0219,77.0219,77.0219,77.0219,77.0219
21.75070797,1.163556204,94.60540479,40.1946,49.0,122.0,68.0,98.40000000000003,102.39999999999998,112.0,108.0,108.0,52.0,52.0,77.0219,77.0219,77.0219,77.0219,77.0219,77.0219
68.48726938,8.077276114,898.4011044,40.332,49.0,177.0,71.0,108.40000000000009,141.5999999999999,169.15999999999997,102.0,102.0,52.0,52.0,18.5775,58.7973,38.5187,54.74158,56.76944,58.391728
11.47628437,0.623653027,48.00701394,40.4417,44.0,100.0,59.0,76.0,96.80000000000001,99.0,97.0,97.0,47.0,47.0,79.2709,100.105,83.5187,96.78774,98.44637,99.773274
22.96369992,1.214240736,99.27193982,40.4346,46.0,111.0,68.5,94.0,96.0,103.24343999999998,98.0,98.0,50.0,50.0,48.0169,113.26,52.85,101.178,107.21900000000001,112.0518
41.5548694,4.417524785,543.1229174,41.2381,46.0,192.0,66.0,143.0,155.0,191.0,128.5,128.5,48.0,48.0,36.8057,117.959,69.9804,114.477,116.218,117.6108
31.82560577,1.683671102,137.0817247,40.2476,47.0,96.0,62.0,79.0,82.0,91.93999999999994,,,,,41.1476,100.419,89.1431,98.16382,99.29140999999998,100.193482
11.18367973,1.317317369,151.169,40.1581,44.0,184.0,61.0,83.19999999999999,131.09999999999997,183.0,90.5,90.5,45.0,49.0,88.1944,135.666,102.759,129.0846,132.3753,135.00786
37.94932622,4.30024977,497.3670836,40.6578,45.0,184.0,69.0,144.0,152.0,181.03999999999996,,,,,50.8355,88.1845,69.51,84.4496,86.31705,87.81101
37.94932622,4.30024977,497.3670836,40.1218,45.0,184.0,69.0,144.0,152.0,181.03999999999996,,,,,50.8355,88.1845,69.51,84.4496,86.31705,87.81101
29.84847022,1.105765283,100.0368273,40.1218,51.0,93.0,65.0,76.0,81.0,86.0,68.5,70.0,47.0,53.0,88.615,88.615,88.615,88.615,88.615,88.615
24.9372262,3.035929533,339.136,40.1785,44.0,188.0,62.0,125.30000000000001,157.29999999999995,182.05999999999995,,,46.0,47.0,19.6389,115.463,88.2419,111.63220000000001,113.54759999999999,115.07991999999999
57.29365345,2.897289403,228.0545113,40.1785,44.0,112.0,57.0,71.4,85.0,107.0,106.0,106.0,46.0,46.0,60.7258,79.0111,65.5238,76.31363999999999,77.66237,78.74135399999999
52.25768798,6.004883085,725.3597094,41.0737,44.0,189.0,64.0,150.0,164.54999999999998,186.62,79.0,85.0,45.0,45.0,32.3366,156.644,59.9291,137.30102,146.97251,154.709702
16.33441879,0.71410428,55.31378494,40.2395,43.0,110.0,61.0,74.60000000000002,80.20000000000005,105.27999999999963,,,,,71.9383,100.547,94.3259,99.30278,99.92488999999999,100.42257799999999
47.3079398,5.020966417,560.2137781,40.5042,45.0,192.0,64.0,142.0,152.0,181.89999999999998,173.0,173.0,45.0,45.0,64.7794,139.148,83.4932,127.50080000000001,133.32439999999997,137.98327999999998
35.33813777,1.919235675,159.676063,40.3181,45.0,105.0,61.0,85.60000000000002,95.39999999999998,105.0,102.0,106.0,46.0,47.0,45.5755,74.7559,62.1068,72.22608,73.49099,74.502918
22.7123389,1.038995914,83.5489224,40.3279,46.0,118.0,65.0,86.70000000000002,88.0,111.70999999999998,99.0,99.0,48.0,48.0,75.2529,228.932,152.09244999999999,213.56408999999996,221.24804499999996,227.395209
16.25135012,0.700023585,57.08029755,40.8117,45.0,112.808,62.0,102.0,105.39399999999999,108.0,83.5,83.5,51.0,51.0,81.7641,105.447,93.60555,103.07871000000002,104.262855,105.210171
29.27665722,1.129164365,91.88474101,40.8009,43.0,86.0,56.0,69.0,72.69999999999999,80.0,,,45.0,45.0,50.2494,50.7284,50.4889,50.6805,50.70445,50.72361
19.08337642,1.016385184,79.29460749,40.8009,43.0,115.0,60.0,84.0,106.0,114.03481,93.0,93.0,45.0,45.0,48.9068,218.532,96.02969999999999,186.43860000000004,202.48529999999997,215.32265999999998
19.08337642,1.016385184,79.29460749,41.031,43.0,115.0,60.0,84.0,106.0,114.03481,93.0,93.0,45.0,45.0,48.9068,218.532,96.02969999999999,186.43860000000004,202.48529999999997,215.32265999999998
22.2314586,2.600308758,293.7565917,41.031,41.0,187.0,70.0,121.90000000000003,138.0,178.19,108.0,108.0,44.0,44.0,55.1322,143.654,67.8961,128.50242,136.07820999999998,142.13884199999998
22.2314586,2.600308758,293.7565917,41.0215,41.0,187.0,70.0,121.90000000000003,138.0,178.19,108.0,108.0,44.0,44.0,55.1322,143.654,67.8961,128.50242,136.07820999999998,142.13884199999998
66.31086125,6.510018625,890.7494268,41.6132,45.0,193.0,64.0,152.8,163.5999999999999,188.0,103.5,103.5,46.0,46.0,55.6249,94.2662,83.3367,89.95612,92.11116,93.83519199999999
18.47403298,2.029445372,231.2034757,40.6801,45.0,184.0,66.0,128.80000000000007,145.0,180.93000000000006,83.0,83.0,47.0,47.0,39.0144,142.032,64.13735,119.50854000000002,130.77026999999998,139.779654
30.87419903,1.563757479,113.9137211,40.6536,45.0,200.238,66.0,102.0,104.0,185.8343599999999,103.0,103.0,47.0,47.0,62.7261,117.942,115.86,117.5256,117.7338,117.90035999999999
42.6171779,5.036902771,601.4675848,41.4353,47.0,194.0,71.0,175.80000000000007,180.0,190.67999999999995,136.0,136.0,49.0,49.0,49.0854,134.178,129.569,133.25619999999998,133.7171,134.08582
38.0633839,2.006244422,150.756047,40.526,46.0,108.584,61.0,78.0,85.0,93.79000000000002,95.0,95.0,47.0,47.0,34.4783,99.8505,82.28354999999999,97.44036,98.64543,99.60948599999999
30.1608004,3.725307964,412.3370393,40.6277,45.0,197.0,68.0,143.3,155.94999999999993,191.0,99.0,99.0,47.0,47.0,64.6616,109.572,88.5925,105.3761,107.47404999999999,109.15241
30.1608004,3.725307964,412.3370393,41.5283,45.0,197.0,68.0,143.3,155.94999999999993,191.0,99.0,99.0,47.0,47.0,64.6616,109.572,88.5925,105.3761,107.47404999999999,109.15241
18.11369968,2.305490284,249.483,40.7256,48.0,188.0,68.5,126.30000000000001,145.7499999999999,181.0,109.0,109.0,49.0,49.0,84.0773,121.489,102.78315,117.74783000000001,119.61841500000001,121.114883
32.51416492,4.009128124,447.5249662,41.746,46.0,195.0,66.0,169.3,176.64999999999998,191.0,121.0,121.0,47.0,47.0,61.1126,127.908,110.025,124.3314,126.11970000000001,127.55034
21.05975873,1.002210604,73.7615768,40.8255,44.0,109.0,57.0,74.0,87.0,94.89999999999998,90.0,90.0,48.0,48.0,65.3878,119.711,75.18180000000001,106.70576000000001,113.20837999999999,118.41047599999999
54.15043208,6.471117098,757.239943,41.5417,44.0,192.0,64.0,150.0,160.39999999999998,186.0,111.0,111.0,45.0,45.0,18.7275,128.765,76.129,118.2378,123.50139999999999,127.71227999999999
21.88783845,0.809017076,82.1363345,40.9607,43.0,122.373,59.0,71.0,74.0,108.46030000000017,95.0,95.0,46.0,46.0,75.3616,110.375,109.61,110.22200000000001,110.2985,110.3597
18.97476015,0.742455089,67.80573496,40.9674,43.0,96.0,61.0,81.0,88.0,92.0,93.0,93.0,45.0,45.0,60.2017,89.019,87.1959,88.65438,88.83669,88.982538
18.97476015,0.742455089,67.80573496,41.0431,43.0,96.0,61.0,81.0,88.0,92.0,93.0,93.0,45.0,45.0,60.2017,89.019,87.1959,88.65438,88.83669,88.982538
13.18768175,0.64356173,50.53096968,41.0431,43.0,115.0,59.0,92.2000000000001,110.0,112.0,109.0,109.0,45.0,45.0,64.1716,150.239,89.69485,136.8446,143.5418,148.89956
30.8626,3.905777266,423.1885888,41.8396,45.0,200.0,65.0,155.0,170.2,195.51999999999992,103.5,103.5,47.0,47.0,76.3348,186.613,94.8295,173.1134,179.8632,185.26304000000002
32.7465688,4.011683801,442.7319743,41.2537,45.0,191.0,65.0,144.0,152.25,185.0,92.0,92.0,47.0,47.0,53.7392,104.246,79.5715,99.3111,101.77855,103.75251
32.7465688,4.011683801,442.7319743,41.7052,45.0,191.0,65.0,144.0,152.25,185.0,92.0,92.0,47.0,47.0,53.7392,104.246,79.5715,99.3111,101.77855,103.75251
32.89800087,1.270247097,121.1917165,41.3172,44.0,105.0,61.0,81.0,84.0,95.0,107.0,107.0,45.0,45.0,57.2658,128.814,76.5351,118.35821999999999,123.58610999999999,127.768422
32.89800087,1.270247097,121.1917165,41.3172,44.0,105.0,61.0,81.0,84.0,95.0,107.0,107.0,45.0,45.0,57.2658,128.814,76.5351,118.35821999999999,123.58610999999999,127.768422
22.32511023,1.160841022,100.5665075,41.3172,43.0,98.0,59.5,86.0,89.84999999999997,93.57,95.0,95.0,43.0,43.0,67.0224,86.9605,81.25565,85.28944,86.12496999999999,86.79339399999999
22.32511023,1.160841022,100.5665075,41.3339,43.0,98.0,59.5,86.0,89.84999999999997,93.57,95.0,95.0,43.0,43.0,67.0224,86.9605,81.25565,85.28944,86.12496999999999,86.79339399999999
59.8669377,4.797291965,97.23771287,41.3232,43.0,104.0,58.0,86.0,90.0,96.0,95.0,95.0,44.0,44.0,44.3959,65.1661,51.560500000000005,61.33552,63.25081,64.783042
37.14980073,4.009975072,496.2941021,41.2679,45.0,189.465,63.0,141.10000000000002,148.35000000000008,178.01713999999998,,,,,58.6675,79.628,69.14775,77.53195,78.57997499999999,79.418395
18.09989578,0.574846999,51.21482941,41.2679,45.0,118.0,60.0,86.0,88.0,103.19918999999999,89.0,109.0,47.0,48.0,36.5949,189.181,69.7711,156.43940000000003,172.81019999999998,185.90684000000002
91.69178875,5.553589331,606.936703,41.2679,45.0,114.0,65.0,86.40000000000003,97.19999999999999,112.04000000000002,127.0,127.0,47.0,47.0,88.0749,104.778,96.47175,103.94250000000001,104.36025000000001,104.69445
25.78961607,1.313280682,108.0046472,41.2549,45.7143,102.0,62.0,73.0,83.05000000000001,95.00999999999999,94.0,94.0,47.0,47.0,68.74,131.775,102.727,125.96540000000002,128.8702,131.19404
33.78912638,4.014628826,510.355,42.2639,45.0,194.0,72.0,152.4,164.39999999999998,191.72000000000003,129.0,129.0,46.0,46.0,52.9799,73.2948,63.13735,71.26330999999999,72.27905499999999,73.09165099999998
12.68587884,0.634934275,54.31151816,41.2116,43.0,125.31,57.0,88.39999999999998,99.09999999999997,103.24000000000001,99.0,99.0,46.0,46.0,95.3848,131.557,113.4709,127.93977999999998,129.74838999999997,131.19527799999997
32.77156818,4.02833084,465.455607,41.553,44.0,191.0,58.0,133.0,144.19999999999993,185.21999999999997,84.5,84.5,47.0,47.0,171.57,171.57,171.57,171.57,171.57,171.57
34.9239231,1.643773397,123.6875835,41.3078,45.0,126.0,59.0,78.30000000000001,86.64999999999998,97.77999999999997,92.0,92.0,47.0,47.0,67.7191,224.289,146.00405,208.63200999999998,216.46050499999998,222.723301
56.3528059,6.508263046,845.1779373,42.3546,45.0,194.0,74.0,151.3,166.29999999999995,192.02999999999997,75.0,115.0,46.0,46.0,22.6964,112.216,80.1021,106.71780000000001,109.4669,111.66618
48.159354,5.282891716,671.4112783,41.2519,47.0,178.0,65.5,133.0,141.64999999999998,170.79000000000002,113.5,113.5,50.0,50.0,59.6416,114.888,81.205,108.15140000000001,111.5197,114.21434
24.25272719,0.865998927,80.08084571,41.2519,42.0,116.0,66.0,88.80000000000001,92.39999999999998,96.47999999999999,85.0,85.0,52.0,52.0,28.9072,55.7999,42.35355,53.11063,54.455265,55.530972999999996
13.03508255,0.525687994,48.7209953,41.2519,46.0,112.0,62.5,79.70000000000002,84.0,96.53999999999996,97.0,97.0,48.0,48.0,75.7422,155.292,115.5171,147.33702,151.31451,154.496502
62.63772628,3.179146099,267.6716817,41.1972,44.0,164.0,74.0,101.0,114.14999999999998,142.43,102.0,102.0,47.0,47.0,45.6577,122.924,79.155,111.06758000000002,116.99578999999999,121.738358
37.68832686,1.999172474,173.355417,41.1942,44.0,109.0,64.0,86.0,94.14999999999998,101.0,101.0,101.0,45.0,45.0,50.1342,195.722,122.9281,181.16322,188.44261,194.266122
33.63246967,4.012208608,450.6373042,41.2283,45.0,192.0,62.0,139.0,155.60000000000002,190.86,91.0,91.0,47.0,47.0,55.1498,58.9597,57.05475,58.57871,58.769205,58.921601
33.63246967,4.012208608,450.6373042,41.2283,45.0,192.0,62.0,139.0,155.60000000000002,190.86,91.0,91.0,47.0,47.0,55.1498,58.9597,57.05475,58.57871,58.769205,58.921601
271.5583848,10.35639354,961.4946038,41.2283,41.0,103.0,58.0,94.20000000000002,98.0,102.41999999999999,,,,,56.7561,114.438,76.1625,107.44242000000001,110.94021,113.738442
54.64199182,6.086753665,820.0688628,42.0909,47.0,197.0,67.0,162.60000000000002,171.79999999999995,191.27999999999997,,,49.0,49.0,15.0187,155.133,110.175,154.7319,154.93245000000002,155.09289
167.8541097,7.388270593,751.8901179,41.2814,50.0,119.0,67.0,82.20000000000002,88.1,109.63999999999999,,,,,72.2418,156.273,74.4421,139.90681999999998,148.08990999999997,154.636382
31.20634808,4.024349332,474.734998,42.2005,44.0,191.0,68.0,142.1,167.54999999999998,189.73,,,,,102.685,141.289,121.987,137.4286,139.3588,140.90295999999998
40.48760825,1.915792424,151.8782761,41.2763,45.0,117.0,63.0,80.0,91.30000000000001,104.51999999999998,100.0,100.0,48.0,48.0,46.1844,60.3769,49.0344,58.1084,59.24265,60.15005
40.7998261,5.01652169,594.6637291,42.1528,47.0,196.0,78.0,149.0,166.79999999999998,192.16,97.0,97.0,54.0,54.0,18.6195,64.6258,32.1207,55.352500000000006,59.98914999999998,63.69846999999999
20.66812285,0.970202464,78.0537257,41.3624,46.5455,98.0,60.0,81.0,85.0,91.86000000000001,91.0,91.0,49.0,49.0,108.796,148.732,124.789,143.9434,146.33769999999998,148.25314
13.04314043,0.68179979,53.63991423,41.3624,45.0,116.0,64.0,86.60000000000002,113.0,114.0,,,,,82.5875,100.184,91.38575,98.42435,99.304175,100.00803499999999
58.71234735,3.151960173,303.7871365,41.3624,51.0,114.0,65.11515,79.0,87.0,110.15000000000003,101.0,101.0,56.0,56.0,70.8758,111.395,83.8018,105.87635999999999,108.63568,110.84313599999999
29.77896197,4.006915722,449.0251108,42.8811,45.0,200.0,68.0,158.0,180.0,197.38,108.0,108.0,48.0,48.0,87.3871,87.3871,87.3871,87.3871,87.3871,87.3871
11.38316043,0.595818674,52.98623537,41.3922,46.0,110.0,69.0,92.0,98.19999999999993,101.56,98.0,98.0,48.0,48.0,70.4206,161.047,103.8825,151.4242,156.23559999999998,160.08472
16.05178837,0.587682261,49.06217238,41.3922,46.0,99.0,59.0,73.0,78.69999999999999,90.57,83.0,83.0,52.0,52.0,60.803,201.96,111.866,183.9412,192.95059999999998,200.15812000000003
102.0465593,12.62836976,245.5141527,41.3922,43.0,103.0,65.0,88.0,91.89999999999998,99.75999999999999,87.0,87.0,46.0,46.0,49.3926,100.314,74.85329999999999,95.22186,97.76792999999998,99.804786
99.53302823,4.952438395,573.3440029,41.3922,48.0,164.0,69.0,89.0,100.0,112.47000000000003,87.5,87.5,55.0,55.0,57.5109,151.713,94.70580000000001,129.118,140.4155,149.4535
10.22084065,0.519362358,41.64274996,41.384,49.0,98.0,64.0,78.0,89.89999999999998,98.0,89.0,89.0,50.0,50.0,102.855,102.855,102.855,102.855,102.855,102.855
25.16168623,1.256264624,109.1554835,41.384,48.0,105.0,67.0,81.80000000000001,87.0,100.43999999999997,105.0,105.0,53.0,53.0,44.5365,111.711,58.97745,96.65409,104.18254499999998,110.20530899999999
40.78620033,5.013596222,609.3706903,42.6115,50.0,196.0,75.0,147.70000000000002,171.85,193.94,91.0,91.0,55.0,55.0,12.3857,78.7567,51.359,73.27716,76.01693,78.20874599999999
15.76471242,2.00735846,214.8004693,42.1455,49.0,194.0,73.0,143.0,149.0,190.0,,,52.0,52.0,39.856,67.7708,46.74,63.56464,65.66771999999999,67.35018399999998
9.179011033,1.301361028,137.4812686,41.5975,46.0,188.0,65.0,123.80000000000001,146.79999999999995,185.72000000000003,84.0,84.0,48.0,48.0,69.3208,140.948,121.462,137.0508,138.9994,140.55828
26.4872649,1.379154272,106.4338035,41.6289,47.0,107.0,63.0,98.0,101.0,103.0,103.0,103.0,49.0,49.0,53.3268,125.896,91.67695,119.0578,122.4769,125.21217999999999
37.90410028,4.517631257,533.6753194,41.9822,44.0,192.0,64.0,147.90000000000003,163.0,190.08999999999997,93.0,93.0,46.0,46.0,64.1161,84.4316,66.9898,79.70132000000001,82.06645999999999,83.958572
34.63782627,4.076408957,463.85,41.9891,45.0,188.0,67.0,149.60000000000002,157.0,183.03999999999996,110.5,110.5,48.0,48.0,35.6844,95.0099,69.80125,91.77046999999999,93.390185,94.685957
13.27735323,0.6742554,52.20009277,41.7507,42.0,103.0,59.0,82.0,88.0,97.89999999999998,88.0,88.0,44.0,44.0,53.7134,104.898,65.5057,99.78960000000001,102.34379999999999,104.38716
10.50903555,0.500094806,40.98625107,41.7575,43.0,109.0,60.0,78.80000000000001,86.31187999999999,94.95999999999981,65.0,65.0,45.0,45.0,40.4772,103.054,66.9151,93.60118,98.32759,102.108718
10.1510389,1.134631123,125.2526528,41.7767,44.0,181.0,63.0,133.0,140.0,173.0,88.0,88.0,46.0,46.0,52.9894,134.784,86.6898,115.65575999999999,125.21987999999999,132.871176
11.79433358,0.571601815,60.367,41.7767,43.0,133.0,67.0,89.0,105.0,118.6,,,,,31.8375,76.1224,53.97995,71.69391,73.908155,75.679551
40.93303285,5.043696609,564.4152668,43.3589,46.0,204.0,68.5,172.5,182.0,202.0,115.0,115.0,48.0,48.0,65.6611,69.6464,67.65375,69.24787,69.447135,69.60654699999999
42.09165362,5.009563203,582.1522742,42.4562,52.0,195.0,79.0,162.8,170.89999999999998,194.0,107.5,107.5,57.0,57.0,109.19,109.19,109.19,109.19,109.19,109.19
24.80919152,0.824226145,84.56841525,41.8697,47.0,100.0,61.0,70.0,73.35,82.66999999999999,90.0,90.0,48.0,48.0,46.3991,130.783,90.7152,122.76943999999999,126.77621999999998,129.981644
41.49073547,5.033118389,558.5577681,43.1009,42.0,193.0,63.0,152.0,155.89999999999998,185.55999999999995,87.0,87.0,43.0,43.0,26.5636,97.3685,61.966049999999996,90.28800999999999,93.828255,96.660451
41.49073547,5.033118389,558.5577681,41.9219,42.0,193.0,63.0,152.0,155.89999999999998,185.55999999999995,87.0,87.0,43.0,43.0,26.5636,97.3685,61.966049999999996,90.28800999999999,93.828255,96.660451
24.76384316,3.016839848,323.778991,42.2623,45.5786,191.0,85.0,139.0,153.0,185.80000000000007,107.0,107.0,50.0,50.0,41.88,179.469,88.5014,161.27548,170.37223999999998,177.64964799999998
24.76384316,3.016839848,323.778991,42.0501,45.5786,191.0,85.0,139.0,153.0,185.80000000000007,107.0,107.0,50.0,50.0,41.88,179.469,88.5014,161.27548,170.37223999999998,177.64964799999998
30.73349232,4.010068247,441.0107158,42.6219,42.0,193.0,61.0,153.4,158.0,191.24,,,,,44.6668,100.773,70.44024999999999,92.96523,96.86911499999998,99.99222299999998
44.47082644,5.541271416,617.9006399,42.5545,42.0,193.0,57.0,145.0,170.14190000000002,190.22000000000003,93.5,93.5,45.0,46.0,43.4223,117.62,89.861,110.78760000000001,114.2038,116.93676
31.82762428,4.017468161,440.1203878,42.1909,42.0,194.83,65.0,153.0,179.1015,193.1652,94.0,94.0,44.0,44.0,58.7644,147.054,65.6849,134.6476,140.8508,145.81336000000002
31.82762428,4.017468161,440.1203878,42.923,42.0,194.83,65.0,153.0,179.1015,193.1652,94.0,94.0,44.0,44.0,58.7644,147.054,65.6849,134.6476,140.8508,145.81336000000002
16.91330765,2.006843337,217.254707,42.271,42.0,178.0,64.0,118.80000000000001,134.89999999999998,172.68,118.0,118.0,48.0,48.0,44.6192,113.619,93.8603,109.66726,111.64313,113.223826
29.97845677,4.012571598,439.0592413,42.8627,49.0,193.0,78.5,154.70000000000002,172.7,191.67,101.0,101.0,52.0,52.0,,,,,,
29.97845677,4.012571598,439.0592413,42.405,49.0,193.0,78.5,154.70000000000002,172.7,191.67,101.0,101.0,52.0,52.0,,,,,,
13.1502434,0.687520531,58.654,42.405,44.0,181.0,152.0,173.0,175.0,178.0,,,,,32.5173,64.7553,56.2228,63.04880000000001,63.90205,64.58465
13.1502434,0.687520531,58.654,42.405,44.0,181.0,152.0,173.0,175.0,178.0,,,,,32.5173,64.7553,56.2228,63.04880000000001,63.90205,64.58465
38.93806648,5.010856183,551.6763822,42.4317,45.0,188.0,58.0,134.0,146.69999999999993,184.36,92.5,92.5,47.0,47.0,94.5648,132.454,113.5094,128.66508,130.55954,132.075108
26.69233732,2.100574806,219.7873848,42.4184,40.0,141.0,61.0,122.0,129.64999999999998,138.0,124.0,124.0,44.0,44.0,50.1174,73.9138,61.1872,71.36847999999999,72.64114,73.65926799999998
18.5976149,0.797653361,76.90296277,42.4184,40.0,132.0,62.5,109.0,113.75,120.75,90.0,90.0,42.0,42.0,62.552,64.3953,63.8954,64.29532,64.34531000000001,64.38530200000001
39.78441797,5.008979856,572.150149,43.4563,42.0,195.0,66.0,158.0,178.83129999999994,193.67000000000002,94.0,94.0,44.0,44.0,80.9807,107.656,97.5782,107.6464,107.6512,107.65504000000001
39.78441797,5.008979856,572.150149,42.5033,42.0,195.0,66.0,158.0,178.83129999999994,193.67000000000002,94.0,94.0,44.0,44.0,80.9807,107.656,97.5782,107.6464,107.6512,107.65504000000001
29.57461673,4.008786875,440.2401486,42.5033,44.0,196.0,61.0,145.0,150.2,192.0,105.0,105.0,45.0,45.0,53.2623,176.505,70.617,148.49640000000002,162.50069999999997,173.70414
29.57461673,4.008786875,440.2401486,43.7895,44.0,196.0,61.0,145.0,150.2,192.0,105.0,105.0,45.0,45.0,53.2623,176.505,70.617,148.49640000000002,162.50069999999997,173.70414
31.51626627,4.268568057,470.6864858,43.1006,47.0,189.0,65.0,135.20000000000002,150.0,183.52,101.5,101.5,51.0,51.0,54.7294,59.3064,57.0179,58.8487,59.077549999999995,59.26063
13.6204973,2.006427771,219.0165817,42.6569,42.0,191.0,60.0,127.80000000000001,144.79999999999995,189.19,101.5,101.5,44.0,44.0,43.0073,86.338,64.67265,82.00493,84.171465,85.904693
13.6204973,2.006427771,219.0165817,42.6569,42.0,191.0,60.0,127.80000000000001,144.79999999999995,189.19,101.5,101.5,44.0,44.0,43.0073,86.338,64.67265,82.00493,84.171465,85.904693
13.1346035,0.677711869,63.2502552,42.6789,48.0,172.0,64.0,88.20000000000002,99.0,162.27999999999997,95.0,95.0,53.0,53.0,,,,,,
39.2000259,5.00980515,556.8828175,42.6789,49.0,189.0,68.0,128.0,155.0,184.2,98.5,98.5,53.0,53.0,,,,,,
39.2000259,5.00980515,556.8828175,42.7359,49.0,189.0,68.0,128.0,155.0,184.2,98.5,98.5,53.0,53.0,,,,,,
12.18353083,0.606932373,60.54229869,42.7702,42.6667,109.0,60.0,88.0,91.0,96.0,105.0,105.0,44.0,44.0,86.6249,91.717,89.17095,91.20778999999999,91.462395,91.666079
37.3203281,5.008960573,552.1325114,44.9,40.0,189.0,61.0,148.90000000000003,161.89999999999998,186.89,92.0,92.0,56.0,56.0,25.8693,166.615,149.547,163.2014,164.9082,166.27364
18.95530677,0.739561801,63.51362128,44.98,41.0,114.0,57.0,80.10000000000002,110.0,113.61000000000001,,,,,24.2732,74.8148,49.965,69.84484,72.32982000000001,74.31780400000001
31.55711853,4.115717209,454.239,45.03,43.0,187.0,65.0,138.60000000000002,158.79999999999995,182.33999999999992,86.0,117.0,52.0,56.0,71.2004,96.6401,84.0974,94.13156000000001,95.38583,96.38924600000001
31.55711853,4.115717209,454.239,44.84,43.0,187.0,65.0,138.60000000000002,158.79999999999995,182.33999999999992,86.0,117.0,52.0,56.0,71.2004,96.6401,84.0974,94.13156000000001,95.38583,96.38924600000001
15.2621228,2.086701297,225.0436364,44.69,44.0,180.0,62.0,120.0,132.64999999999998,174.73000000000002,,,,,52.5928,152.669,119.524,146.04000000000002,149.3545,152.0061
22.04962053,1.018286021,86.43045048,44.66,46.0,111.0,60.0,92.0,95.0,99.62,96.0,107.0,54.0,55.0,61.044,103.776,72.72655,94.99974,99.38786999999999,102.89837399999999
38.4805996,4.323599619,482.1889058,44.77,42.0,136.0,65.5,119.0,125.0,133.14,94.0,94.0,58.0,58.0,71.2342,278.993,139.112,232.05899999999997,255.52599999999995,274.2996
29.63955475,1.885583512,190.0533142,44.74,44.0,167.0,83.0,133.0,144.0,156.0,118.0,118.0,55.0,55.0,67.0238,126.927,78.1577,117.17314000000002,122.05007,125.951614
29.63955475,1.885583512,190.0533142,44.67,44.0,167.0,83.0,133.0,144.0,156.0,118.0,118.0,55.0,55.0,67.0238,126.927,78.1577,117.17314000000002,122.05007,125.951614
41.30737177,5.036149939,558.4385094,44.67,43.0,189.0,168.0,184.0,185.0,187.0,,,,,25.3747,101.787,74.4354,96.31668,99.05184000000001,101.239968
41.30737177,5.036149939,558.4385094,44.57,43.0,189.0,168.0,184.0,185.0,187.0,,,,,25.3747,101.787,74.4354,96.31668,99.05184000000001,101.239968
,,,44.58,44.0,147.661,56.0,88.0,97.0,111.7775,64.0,64.0,51.0,51.0,60.7958,165.656,66.1513,145.75506,155.70552999999998,163.665906
20.47013318,2.526568358,270.0652025,44.8,42.0,183.0,92.0,178.0,181.0,183.0,81.0,81.0,53.0,53.0,46.1018,84.3445,65.22315,80.52023,82.432365,83.96207299999999
20.47013318,2.526568358,270.0652025,44.74,42.0,183.0,92.0,178.0,181.0,183.0,81.0,81.0,53.0,53.0,46.1018,84.3445,65.22315,80.52023,82.432365,83.96207299999999
19.0221684,1.006648408,85.44503374,44.75,49.0,107.232,86.0,98.0,100.0,103.0,96.0,96.0,54.0,54.0,44.7682,114.442,79.6051,107.47462,110.95830999999998,113.745262
36.83583937,5.00996535,554.3650493,44.87,43.0,194.0,181.0,193.0,193.0,194.0,101.0,101.0,46.0,46.0,62.487,84.872,65.3596,80.96951999999999,82.92076,84.481752
36.83583937,5.00996535,554.3650493,44.89,43.0,194.0,181.0,193.0,193.0,194.0,101.0,101.0,46.0,46.0,62.487,84.872,65.3596,80.96951999999999,82.92076,84.481752
22.67818878,3.201841117,354.2700372,44.57,46.0,192.0,119.0,189.0,189.25,191.0,96.0,96.0,53.0,53.0,20.5852,78.7552,53.126850000000005,72.72538,75.74028999999999,78.152218
34.82287908,1.62763015,135.7736685,44.58,43.0,122.0,77.0,101.0,104.0,113.0,96.0,96.0,55.0,55.0,80.0211,89.9396,84.98035,88.94775,89.443675,89.84041500000001
46.06157668,6.008674997,658.4338727,44.62,43.0,196.264,176.0,188.0,189.0,190.0,97.0,97.0,52.0,52.0,54.2797,98.6008,87.6206,96.40476000000001,97.50278,98.38119600000002
46.06157668,6.008674997,658.4338727,44.66,43.0,196.264,176.0,188.0,189.0,190.0,97.0,97.0,52.0,52.0,54.2797,98.6008,87.6206,96.40476000000001,97.50278,98.38119600000002
32.68093535,4.067828244,441.6665906,44.54,46.0,178.0,120.0,174.80000000000007,175.0,177.0,93.0,93.0,51.0,51.0,82.6249,82.6249,82.6249,82.6249,82.6249,82.6249
32.68093535,4.067828244,441.6665906,44.54,46.0,178.0,120.0,174.80000000000007,175.0,177.0,93.0,93.0,51.0,51.0,82.6249,82.6249,82.6249,82.6249,82.6249,82.6249
32.68093535,4.067828244,441.6665906,44.78,46.0,178.0,120.0,174.80000000000007,175.0,177.0,93.0,93.0,51.0,51.0,82.6249,82.6249,82.6249,82.6249,82.6249,82.6249
47.62137547,6.521369147,721.3558426,45.04,42.0,192.0,180.0,190.0,191.0,192.0,87.0,92.5,51.0,54.0,47.4473,89.6305,62.996,84.76638,87.19843999999999,89.144088
64.61036427,3.568156156,288.2284384,44.99,42.0,189.02,96.0,110.0,114.0,128.32000000000016,,,,,40.4614,130.341,85.3749,117.88080000000001,124.11090000000002,129.09498000000002
29.73478957,4.004888879,439.2669722,45.53,50.0,195.0,148.0,191.0,192.0,195.0,93.0,93.0,53.0,58.0,,,,,,
29.73478957,4.004888879,439.2669722,45.57,50.0,195.0,148.0,191.0,192.0,195.0,93.0,93.0,53.0,58.0,,,,,,
14.19605975,1.733652568,188.8961053,45.45,46.0,184.0,129.0,181.0,182.0,183.0,64.0,64.0,54.0,54.0,65.4551,100.214,82.83455000000001,96.73810999999999,98.476055,99.866411
14.19605975,1.733652568,188.8961053,45.45,46.0,184.0,129.0,181.0,182.0,183.0,64.0,64.0,54.0,54.0,65.4551,100.214,82.83455000000001,96.73810999999999,98.476055,99.866411
14.19605975,1.733652568,188.8961053,45.45,46.0,184.0,129.0,181.0,182.0,183.0,64.0,64.0,54.0,54.0,65.4551,100.214,82.83455000000001,96.73810999999999,98.476055,99.866411
14.19605975,1.733652568,188.8961053,45.21,46.0,184.0,129.0,181.0,182.0,183.0,64.0,64.0,54.0,54.0,65.4551,100.214,82.83455000000001,96.73810999999999,98.476055,99.866411
37.41706853,5.010138715,556.124839,45.38,46.0,192.0,184.0,191.0,191.0,192.0,103.0,111.0,55.0,56.0,64.5068,64.5068,64.5068,64.5068,64.5068,64.5068
52.77928967,7.024740438,775.913922,45.61,44.0,192.0,183.0,190.0,191.0,191.0,,,,,101.584,136.358,113.609,131.8082,134.0831,135.90302
47.87405442,2.024719922,242.2503344,45.61,46.0,171.0,107.0,143.0,150.0,158.0,106.0,106.0,52.0,57.0,49.7883,77.1233,71.613,76.87790000000001,77.0006,77.09876
21.87809728,3.017935025,328.6075241,45.6,41.0,191.0,76.0,187.0,188.0,190.0,66.0,66.0,55.0,55.0,63.8827,93.1095,85.5387,91.59534,92.35242,92.958084
21.87809728,3.017935025,328.6075241,45.73,41.0,191.0,76.0,187.0,188.0,190.0,66.0,66.0,55.0,55.0,63.8827,93.1095,85.5387,91.59534,92.35242,92.958084
29.3554107,4.094547208,461.344,45.86,42.0,187.0,165.0,184.0,186.0,186.0,80.0,80.0,55.0,55.0,58.1625,178.191,118.17675,166.18815,172.18957500000002,176.990715
19.81381376,0.973551834,94.46048729,45.84,44.0,113.0,65.0,97.0,99.0,107.0,94.0,94.0,53.0,53.0,74.793,109.251,95.6295,106.5267,107.88884999999999,108.97856999999999
35.8367502,5.008148311,554.3143926,45.74,42.0,193.0,171.0,188.0,190.0,192.0,108.0,108.0,51.0,51.0,73.7326,91.4836,82.60810000000001,89.7085,90.59605,91.30609
14.02533547,0.691863149,59.15496942,45.74,45.0,154.0,56.0,67.0,72.0,84.44000000000005,56.0,56.0,52.0,52.0,71.3626,78.0921,74.72735,77.41915,77.755625,78.024805
18.37617616,0.893047535,74.70748699,45.74,44.0,117.0,69.5,112.0,113.0,114.0,109.0,109.0,50.0,50.0,77.5959,77.5959,77.5959,77.5959,77.5959,77.5959
16.88901931,0.664269563,62.97046861,45.68,45.0,124.0,61.0,92.5,94.0,97.0,89.0,89.0,50.0,50.0,62.1842,121.766,109.385,119.2898,120.5279,121.51838000000001
49.68087472,1.928640567,131.5648784,45.7,41.4016,199.992,64.0,79.0,83.0,90.42999999999995,74.0,74.0,53.0,53.0,86.414,106.08,96.247,104.1134,105.0967,105.88334
49.68087472,1.928640567,131.5648784,45.64,41.4016,199.992,64.0,79.0,83.0,90.42999999999995,74.0,74.0,53.0,53.0,86.414,106.08,96.247,104.1134,105.0967,105.88334
46.11340493,6.015095956,664.6277626,45.64,44.0,189.0,179.0,186.0,187.0,187.0,137.0,137.0,55.0,55.0,59.3612,84.2986,71.8299,81.80486,83.05172999999999,84.049226
61.59134662,8.009439257,900.1318408,45.57,45.0,194.819,187.0,192.0,192.0,193.0,114.0,137.0,55.0,55.0,35.6791,111.717,76.23060000000001,103.60266000000001,107.65983,110.905566
30.62828585,4.014189147,436.8908661,48.37,38.0,179.0,172.0,177.0,178.0,178.0,105.0,105.0,52.0,52.0,112.007,145.351,128.679,142.01659999999998,143.6838,145.01756
51.85001362,6.055840232,760.6842297,48.48,45.0,190.319,181.0,186.0,187.0,188.0,120.5,120.5,55.0,55.0,49.1617,118.316,84.9217,111.63714000000002,114.97657,117.648114
61.08958352,7.09452988,854.9445238,48.08,45.0,194.0,184.0,188.0,189.0,192.0,130.0,130.0,66.0,66.0,80.0289,80.0289,80.0289,80.0289,80.0289,80.0289
14.42982243,0.633067069,53.17735713,47.78,48.0,191.704,74.0,111.0,113.0,115.0,110.0,110.0,57.0,57.0,61.2699,83.0105,72.1402,80.83643999999998,81.92347,82.793094
63.93769757,8.005182911,880.5122808,47.66,46.0,190.0,183.0,188.0,188.0,189.0,84.0,84.0,57.0,57.0,50.8847,169.084,59.671,157.38,163.232,167.9136
31.1475173,4.10854091,448.2864207,47.48,45.0,188.0,105.0,186.0,187.0,188.0,103.0,103.0,54.0,54.0,52.8098,172.438,79.7512,135.44092,153.93946,168.73829199999997
31.1475173,4.10854091,448.2864207,47.66,45.0,188.0,105.0,186.0,187.0,188.0,103.0,103.0,54.0,54.0,52.8098,172.438,79.7512,135.44092,153.93946,168.73829199999997
37.39039753,5.011832855,547.838825,47.66,45.4438,191.0,157.0,188.0,189.0,190.0,112.0,112.0,59.0,59.0,47.7716,132.707,49.0204,115.96968,124.33833999999999,131.033268
37.39039753,5.011832855,547.838825,47.86,45.4438,191.0,157.0,188.0,189.0,190.0,112.0,112.0,59.0,59.0,47.7716,132.707,49.0204,115.96968,124.33833999999999,131.033268
35.9812279,1.637525271,127.1176217,47.9,42.0,102.0,79.0,95.0,97.0,100.0,90.0,90.0,55.0,55.0,72.964,102.15,83.9613,98.51226000000001,100.33113,101.786226
11.28900007,1.506213352,161.7404974,47.97,43.8857,176.0,67.5,173.0,174.75,176.0,94.0,94.0,58.0,58.0,60.7536,72.1214,66.4375,70.98462,71.55301,72.00772199999999
35.72877538,5.014751231,553.2670938,47.97,46.0,197.0,116.0,194.0,195.0,196.0,112.0,112.0,55.0,55.0,52.6213,111.775,80.357,106.81072,109.29285999999999,111.278572
35.72877538,5.014751231,553.2670938,48.03,46.0,197.0,116.0,194.0,195.0,196.0,112.0,112.0,55.0,55.0,52.6213,111.775,80.357,106.81072,109.29285999999999,111.278572
14.17811342,2.01353078,219.5583553,47.98,46.0,194.881,82.0,185.0,187.14999999999998,189.63,82.0,82.0,58.0,58.0,79.0158,84.061,81.5384,83.55648000000001,83.80874,84.01054800000001
37.52672528,1.147299354,115.0795719,47.91,46.0,189.452,92.0,140.0,151.0,168.42999999999984,97.0,97.0,56.0,56.0,68.9048,159.213,114.0589,150.18218,154.69759,158.309918
37.52672528,1.147299354,115.0795719,47.92,46.0,189.452,92.0,140.0,151.0,168.42999999999984,97.0,97.0,56.0,56.0,68.9048,159.213,114.0589,150.18218,154.69759,158.309918
89.80327898,4.253093039,437.2735779,47.77,45.0,176.107,93.0,115.0,127.0,145.0,100.0,100.0,57.0,57.0,91.9796,104.16,98.45255,102.50232,103.33116,103.994232
37.42796792,5.034050457,555.781,47.86,47.0,193.0,168.0,191.0,192.0,193.0,,,59.0,59.0,58.9836,105.774,82.8025,96.64420000000001,101.20909999999999,104.86102
16.73182284,0.667751426,62.31960851,47.86,47.0,185.453,61.0,74.0,78.0,131.12056999999936,,,,,59.3054,163.568,111.50880000000001,153.53840000000002,158.5532,162.56503999999998
16.7463658,0.909783313,70.18961426,47.86,46.0,180.899,67.0,107.0,108.0,109.01999999999998,106.0,106.0,59.0,59.0,66.5103,78.1489,68.572,76.23352,77.19121,77.957362
24.75175917,1.041326755,91.99867965,48.33,48.0,186.63,78.0,102.0,104.0,110.0,93.0,93.0,57.0,57.0,92.7948,182.767,137.7809,173.76978,178.26839,181.867278
24.75175917,1.041326755,91.99867965,48.33,48.0,186.63,78.0,102.0,104.0,110.0,93.0,93.0,57.0,57.0,92.7948,182.767,137.7809,173.76978,178.26839,181.867278
31.6580804,4.029028564,436.8365862,48.06,50.0,197.0,175.0,194.0,195.0,197.0,165.0,165.0,57.0,57.0,47.8918,128.374,99.0858,119.76547,124.06973499999998,127.51314699999999
30.1018958,4.017060477,439.7943253,47.94,48.0,202.0,106.0,195.0,199.0,200.0,97.0,97.0,60.0,60.0,45.1684,229.87,77.97505,189.80941000000004,209.83970499999995,225.86394099999998
30.1018958,4.017060477,439.7943253,47.94,48.0,202.0,106.0,195.0,199.0,200.0,97.0,97.0,60.0,60.0,45.1684,229.87,77.97505,189.80941000000004,209.83970499999995,225.86394099999998
30.1018958,4.017060477,439.7943253,47.94,48.0,202.0,106.0,195.0,199.0,200.0,97.0,97.0,60.0,60.0,45.1684,229.87,77.97505,189.80941000000004,209.83970499999995,225.86394099999998
